{
  "results": {
    "Logistic Regression": {
      "accuracy": 0.7782258064516129,
      "precision": 0.7751319669156482,
      "recall": 0.7782258064516129,
      "f1": 0.7682390755179918
    },
    "Random Forest": {
      "accuracy": 0.7358870967741935,
      "precision": 0.7586687906318119,
      "recall": 0.7358870967741935,
      "f1": 0.7304829536784877
    },
    "SVM (RBF Kernel)": {
      "accuracy": 0.7620967741935484,
      "precision": 0.7598245266017041,
      "recall": 0.7620967741935484,
      "f1": 0.7466766324119826
    },
    "MLP Neural Network": {
      "accuracy": 0.7620967741935484,
      "precision": 0.771538951185477,
      "recall": 0.7620967741935484,
      "f1": 0.7577829598526763
    }
  },
  "best_model": "Logistic Regression",
  "num_classes": 34,
  "intents": [
    "account_help",
    "analytics",
    "bot_identity",
    "budget_search",
    "chatbot_rating",
    "complaint",
    "contact_support",
    "delivery_time",
    "discount_promo",
    "goodbye",
    "greeting",
    "guest_order_guide",
    "image_upload",
    "invoice",
    "multilingual_help",
    "order_cancel",
    "order_history",
    "order_status_query",
    "order_track",
    "payment_methods",
    "place_order",
    "platform_info",
    "product_description",
    "product_price",
    "product_search",
    "professional_greeting",
    "recommendation",
    "return_policy",
    "shipping_fee",
    "stock_check",
    "stock_notification",
    "support_ticket",
    "thanks",
    "warranty"
  ],
  "cv_results": {
    "Logistic Regression": [
      0.719758064516129,
      0.7600806451612904,
      0.7439516129032258,
      0.719758064516129,
      0.7090909090909091
    ],
    "Random Forest": [
      0.5907258064516129,
      0.6633064516129032,
      0.6915322580645161,
      0.6653225806451613,
      0.6525252525252525
    ],
    "SVM (RBF Kernel)": [
      0.7016129032258065,
      0.7116935483870968,
      0.7016129032258065,
      0.6693548387096774,
      0.6747474747474748
    ],
    "MLP Neural Network": [
      0.6814516129032258,
      0.6975806451612904,
      0.7016129032258065,
      0.6915322580645161,
      0.6727272727272727
    ]
  },
  "summary": {
    "best_model": "Logistic Regression",
    "accuracy": 0.7782258064516129,
    "f1_score": 0.7682390755179918,
    "average_accuracy": 0.7595766129032258,
    "num_classes": 34,
    "training_samples": 1983,
    "test_samples": 496,
    "total_samples": 2479,
    "all_models_above_85": false,
    "target_accuracy": 0.85,
    "model_version": "2.0.0",
    "dataset_files": [
      "dataset/intents.json",
      "dataset/intents_part2.json"
    ]
  },
  "models": [
    {
      "model_name": "Logistic Regression",
      "accuracy": 0.7782258064516129,
      "precision": 0.7751319669156482,
      "recall": 0.7782258064516129,
      "f1_score": 0.7682390755179918,
      "cv_mean": 0.7305278592375366,
      "cv_std": 0.018681991899173023,
      "is_best": true
    },
    {
      "model_name": "Random Forest",
      "accuracy": 0.7358870967741935,
      "precision": 0.7586687906318119,
      "recall": 0.7358870967741935,
      "f1_score": 0.7304829536784877,
      "cv_mean": 0.6526824698598891,
      "cv_std": 0.03352789969703874,
      "is_best": false
    },
    {
      "model_name": "SVM (RBF Kernel)",
      "accuracy": 0.7620967741935484,
      "precision": 0.7598245266017041,
      "recall": 0.7620967741935484,
      "f1_score": 0.7466766324119826,
      "cv_mean": 0.6918043336591724,
      "cv_std": 0.01663077385933346,
      "is_best": false
    },
    {
      "model_name": "MLP Neural Network",
      "accuracy": 0.7620967741935484,
      "precision": 0.771538951185477,
      "recall": 0.7620967741935484,
      "f1_score": 0.7577829598526763,
      "cv_mean": 0.6889809384164223,
      "cv_std": 0.010591535431733305,
      "is_best": false
    }
  ],
  "dataset": {
    "total_samples": 2479,
    "num_classes": 34,
    "train_samples": 1983,
    "test_samples": 496,
    "vocabulary_size": 5628,
    "dataset_files": [
      "dataset/intents.json",
      "dataset/intents_part2.json"
    ],
    "database_augmentation": {
      "product_search_samples": 0,
      "faq_samples": 0,
      "note": "DB-grounded responses handled by PHP layer at runtime"
    }
  },
  "reports": [
    {
      "filename": "performance_report.txt",
      "web_path": null
    }
  ]
}