{
  "results": {
    "Logistic Regression": {
      "accuracy": 0.8645598194130926,
      "precision": 0.8721513081456943,
      "recall": 0.8645598194130926,
      "f1": 0.8657399353535623
    },
    "Random Forest": {
      "accuracy": 0.8171557562076749,
      "precision": 0.8260875967430903,
      "recall": 0.8171557562076749,
      "f1": 0.8139602854296873
    },
    "SVM (RBF Kernel)": {
      "accuracy": 0.8465011286681715,
      "precision": 0.8577519392705031,
      "recall": 0.8465011286681715,
      "f1": 0.8465493278206723
    },
    "MLP Neural Network": {
      "accuracy": 0.8623024830699775,
      "precision": 0.8813126838235525,
      "recall": 0.8623024830699775,
      "f1": 0.8666592654000418
    }
  },
  "best_model": "Logistic Regression",
  "num_classes": 26,
  "intents": [
    "account_help",
    "analytics",
    "bot_identity",
    "chatbot_rating",
    "complaint",
    "contact_support",
    "delivery_time",
    "discount_promo",
    "goodbye",
    "greeting",
    "invoice",
    "order_cancel",
    "order_history",
    "order_track",
    "payment_methods",
    "place_order",
    "product_price",
    "product_search",
    "recommendation",
    "return_policy",
    "shipping_fee",
    "stock_check",
    "stock_notification",
    "support_ticket",
    "thanks",
    "warranty"
  ],
  "cv_results": {
    "Logistic Regression": [
      0.7720090293453724,
      0.7923250564334086,
      0.7787810383747178,
      0.7624434389140271,
      0.8144796380090498
    ],
    "Random Forest": [
      0.6275395033860045,
      0.7178329571106095,
      0.7381489841986456,
      0.7285067873303167,
      0.7330316742081447
    ],
    "SVM (RBF Kernel)": [
      0.7494356659142212,
      0.7607223476297968,
      0.7516930022573364,
      0.744343891402715,
      0.7895927601809954
    ],
    "MLP Neural Network": [
      0.7516930022573364,
      0.7291196388261851,
      0.7065462753950339,
      0.746606334841629,
      0.7873303167420814
    ]
  }
}